,All_Stars,Year
0,"['Paul Arizin*Vince BorylaBob Cousy*Joe Fulks*Harry Gallatin*Ed Macauley*Dick McGuire*Andy Phillip*Red RochaDolph Schayes*', 'Ralph BeardFrankie BrianBob Davies*Dike EddlemanLarry FoustAlex GrozaGeorge Mikan*Vern Mikkelsen*Jim Pollard*Fred Schaus']",1951
1,"['Paul Arizin*Bob Cousy*Joe Fulks*Harry Gallatin*Ed Macauley*Dick McGuire*Andy Phillip*Red RochaDolph Schayes*(1)Fred ScolariMax Zaslofsky', 'Leo BarnhorstFrankie BrianBob Davies*Dike EddlemanLarry Foust(2)George Mikan*Vern Mikkelsen*Jim Pollard*Arnie Risen*Paul WaltherBobby Wanzer*']",1952
2,"['Don Barksdale*Carl Braun*Bob Cousy*Bill GaborHarry Gallatin*Neil Johnston*Ed Macauley*Dolph Schayes*Fred Scolari(1)Paul SeymourBill Sharman*', 'Leo BarnhorstBob Davies*Larry FoustMel HutchinsSlater Martin*George Mikan*Vern Mikkelsen*Andy Phillip*Arnie Risen*Bobby Wanzer*']",1953
3,"['Carl Braun*Bob Cousy*Ray FelixHarry Gallatin*Neil Johnston*Ed Macauley*Dick McGuire*Dolph Schayes*Paul SeymourBill Sharman*', 'Bob Davies*Larry FoustMel HutchinsSlater Martin*George Mikan*Jack Molinas(1)Andy Phillip*Jim Pollard*Arnie Risen*Don SunderlageBobby Wanzer*']",1954
4,"['Paul Arizin*Carl Braun*Bob Cousy*Harry Gallatin*Neil Johnston*Ed Macauley*Dick McGuire*Dolph Schayes*Paul SeymourBill Sharman*', 'Jack ColemanLarry FoustSlater Martin*Vern Mikkelsen*Bob Pettit*Andy Phillip*Jim Pollard*Arnie Risen*(1)Frank SelvyBobby Wanzer*George Yardley*']",1955
5,"['Paul Arizin*Carl Braun*(1)Bob Cousy*Harry Gallatin*Jack GeorgeNeil Johnston*Red KerrEd Macauley*Dick McGuire*Dolph Schayes*Bill Sharman*', 'Larry FoustBob HarrisonMel HutchinsClyde Lovellette*Slater Martin*Vern Mikkelsen*Bob Pettit*Maurice Stokes*Bobby Wanzer*George Yardley*']",1956
6,"['Paul Arizin*Carl Braun*Nat Clifton*Bob Cousy*Harry Gallatin*Jack GeorgeTom Heinsohn*Neil Johnston*Dolph Schayes*Bill Sharman*', 'Dick GarmakerMel HutchinsClyde Lovellette*(1)Ed Macauley*Slater Martin*Vern Mikkelsen*Bob Pettit*Richie ReganMaurice Stokes*Jack Twyman*George Yardley*']",1957
7,"['Paul Arizin*Larry Costello*Bob Cousy*Richie Guerin*Neil Johnston*Willie NaullsBill Russell*Dolph Schayes*Kenny SearsBill Sharman*', 'Larry FoustDick GarmakerCliff Hagan*(1)Slater Martin*Dick McGuire*Bob Pettit*Gene ShueMaurice Stokes*Jack Twyman*George Yardley*']",1958
8,"['Paul Arizin*Larry Costello*Bob Cousy*Richie Guerin*Red KerrBill Russell*Woody SauldsberryDolph Schayes*Kenny SearsBill Sharman*', 'Elgin Baylor*Larry FoustDick GarmakerCliff Hagan*Slater Martin*Dick McGuire*Bob Pettit*Gene ShueJack Twyman*George Yardley*']",1959
9,"['Paul Arizin*(1)Wilt Chamberlain*Larry Costello*Bob Cousy*Tom Gola*Richie Guerin*Willie NaullsBill Russell*Dolph Schayes*Bill Sharman*George Yardley*', 'Elgin Baylor*Walter DukesDick GarmakerCliff Hagan*Hot Rod HundleyClyde Lovellette*Chuck NobleBob Pettit*Gene ShueJack Twyman*']",1960
10,"['Paul Arizin*Wilt Chamberlain*Larry Costello*Bob Cousy*Tom Gola*Hal Greer*Richie Guerin*Tom Heinsohn*Willie NaullsBill Russell*Dolph Schayes*', 'Elgin Baylor*Walter DukesWayne Embry*Cliff Hagan*Bailey Howell*Hot Rod HundleyClyde Lovellette*Bob Pettit*Oscar Robertson*Gene ShueJerry West*']",1961
11,"['Paul Arizin*Wilt Chamberlain*Larry Costello*(1)Bob Cousy*Tom Gola*(2)Johnny GreenHal Greer*Richie Guerin*Tom Heinsohn*Sam Jones*Willie NaullsBill Russell*Dolph Schayes*', 'Elgin Baylor*Walt Bellamy*Wayne Embry*Cliff Hagan*Bailey Howell*Rudy LaRusso(3)Bob Pettit*Oscar Robertson*Frank SelvyGene ShueJack Twyman*Jerry West*']",1962
12,"['Bob Cousy*Wayne Embry*(1)Tom Gola*Johnny GreenHal Greer*Richie Guerin*Tom Heinsohn*Red KerrOscar Robertson*Bill Russell*Lee ShafferJack Twyman*', 'Elgin Baylor*Walt Bellamy*Wilt Chamberlain*Terry DischingerBailey Howell*Rudy LaRussoTom MescheryDon OhlBob Pettit*Guy Rodgers*Jerry West*Lenny Wilkens*']",1963
13,"['Len ChappellWayne Embry*Tom Gola*Hal Greer*Tom Heinsohn*Sam Jones*Jerry Lucas*Oscar Robertson*Bill Russell*Chet Walker*', 'Elgin Baylor*Walt Bellamy*Wilt Chamberlain*Terry DischingerBailey Howell*Don OhlBob Pettit*Guy Rodgers*Jerry West*Lenny Wilkens*']",1964
14,"['Larry Costello*Wayne Embry*Johnny GreenHal Greer*Tom Heinsohn*(1)Luke JacksonSam Jones*Jerry Lucas*Willis Reed*Oscar Robertson*Bill Russell*', 'Elgin Baylor*Walt Bellamy*Wilt Chamberlain*Terry DischingerGus Johnson*Don OhlBob Pettit*Nate Thurmond*Jerry West*Lenny Wilkens*']",1965
15,"['Wilt Chamberlain*Hal Greer*John Havlicek*Sam Jones*Jerry Lucas*Willis Reed*Oscar Robertson*Bill Russell*Adrian SmithChet Walker*', 'Rick Barry*Zelmo Beaty*Dave DeBusschere*Bailey Howell*Rudy LaRussoEddie MilesDon OhlGuy Rodgers*Nate Thurmond*Jerry West*']",1966
16,"['Wilt Chamberlain*Hal Greer*John Havlicek*Bailey Howell*Jerry Lucas*Don OhlWillis Reed*Oscar Robertson*Bill Russell*Chet Walker*', 'Rick Barry*Elgin Baylor*Bill BridgesDave DeBusschere*Darrall ImhoffGuy Rodgers*Jerry Sloan*Nate Thurmond*Jerry West*Lenny Wilkens*']",1967
17,"['Dick BarnettDave Bing*Wilt Chamberlain*Dave DeBusschere*Hal Greer*John Havlicek*Gus Johnson*Sam Jones*Jerry Lucas*Willis Reed*Oscar Robertson*Bill Russell*', 'Walt HazzardElgin Baylor*Zelmo Beaty*Bob BoozerBill BridgesArchie ClarkJim KingDon KojisRudy LaRussoClyde LeeNate Thurmond*(1)Jerry West*Lenny Wilkens*']",1968
18,"['Dave Bing*Billy Cunningham*Hal Greer*John Havlicek*Gus Johnson*Jerry Lucas*Jon McGlocklinEarl Monroe*Willis Reed*Oscar Robertson*Bill Russell*Wes Unseld*', 'Elgin Baylor*Joe CaldwellWilt Chamberlain*Gail Goodrich*Elvin Hayes*Lou Hudson*Don KojisRudy LaRussoJeff MullinsJerry Sloan*Dick Van ArsdaleJerry West*(1)Lenny Wilkens*']",1969
19,"['Kareem Abdul-Jabbar*Billy Cunningham*Dave DeBusschere*Walt Frazier*Hal Greer*John Havlicek*Gus Johnson*Willis Reed*Oscar Robertson*Flynn RobinsonTom Van ArsdaleJimmy Walker', 'Elgin Baylor*Bill BridgesJoe CaldwellConnie Hawkins*Elvin Hayes*Lou Hudson*Jeff MullinsBob RuleNate Thurmond*(1)Dick Van ArsdaleChet Walker*Jerry West*Lenny Wilkens*']",1970
20,"['Billy Cunningham*Dave DeBusschere*Walt Frazier*Johnny GreenJohn Havlicek*Lou Hudson*Gus Johnson*John JohnsonBob KauffmanEarl Monroe*Willis Reed*Wes Unseld*Tom Van ArsdaleJo Jo White*', 'Kareem Abdul-Jabbar*Dave Bing*Wilt Chamberlain*Connie Hawkins*Elvin Hayes*Bob LoveJerry Lucas*Jeff MullinsGeoff PetrieOscar Robertson*Dick Van ArsdaleChet Walker*Jerry West*Lenny Wilkens*']",1971
21,"['Butch BeardArchie ClarkDave Cowens*Billy Cunningham*Dave DeBusschere*Walt Frazier*John Havlicek*Lou Hudson*John JohnsonBob KauffmanJack MarinWes Unseld*Tom Van ArsdaleJo Jo White*', 'Kareem Abdul-Jabbar*Wilt Chamberlain*Gail Goodrich*Connie Hawkins*Elvin Hayes*Spencer Haywood*Bob Lanier*Bob LoveOscar Robertson*Cazzie RussellPaul SilasJimmy WalkerJerry West*Sidney Wicks']",1972
22,"['John BlockBill Bradley*Dave Cowens*Dave DeBusschere*Walt Frazier*John Havlicek*Elvin Hayes*Lou Hudson*Bob KauffmanPete Maravich*Jack MarinWes Unseld*Jo Jo White*Lenny Wilkens*', 'Kareem Abdul-Jabbar*(1)Tiny Archibald*Rick Barry*(2)Dave Bing*Wilt Chamberlain*Bob Dandridge*Gail Goodrich*Connie Hawkins*Spencer Haywood*Bob Lanier*Bob LoveCharlie Scott*Nate Thurmond*Chet Walker*Jerry West*Sidney Wicks']",1973
23,"['Austin CarrPhil ChenierDave Cowens*Dave DeBusschere*Walt Frazier*John Havlicek*Elvin Hayes*Lou Hudson*Pete Maravich*Bob McAdoo*Rudy Tomjanovich*Jo Jo White*', 'Kareem Abdul-Jabbar*Rick Barry*Dave Bing*Gail Goodrich*Spencer Haywood*Bob Lanier*Geoff PetrieCharlie Scott*Nate Thurmond*Norm Van LierChet Walker*Jerry West*(1)Sidney Wicks']",1974
24,"['Phil ChenierDave Cowens*Walt Frazier*John Havlicek*Elvin Hayes*Bob McAdoo*Steve MixEarl Monroe*Paul SilasRudy Tomjanovich*Wes Unseld*Jo Jo White*', 'Kareem Abdul-Jabbar*Tiny Archibald*Rick Barry*Dave Bing*Bob Dandridge*Gail Goodrich*Spencer Haywood*Sam LaceyBob Lanier*Jim PriceCharlie Scott*Sidney Wicks']",1975
25,"['Dave Bing*Doug CollinsDave Cowens*John DrewWalt Frazier*John Havlicek*Elvin Hayes*Bob McAdoo*George McGinnis*Randy SmithRudy Tomjanovich*Jo Jo White*', 'Kareem Abdul-Jabbar*Alvan AdamsTiny Archibald*Rick Barry*Fred BrownBob Dandridge*Curtis RowePhil SmithNorm Van LierScott WedmanJamaal Wilkes*Brian Winters']",1976
26,"['Phil ChenierDoug CollinsDave Cowens*(1)Julius Erving*George Gervin*John Havlicek*Elvin Hayes*Pete Maravich*Bob McAdoo*George McGinnis*Earl Monroe*Rudy Tomjanovich*Jo Jo White*', 'Kareem Abdul-Jabbar*Rick Barry*Don BuseDan Issel*Bobby Jones*Billy KnightBob Lanier*Maurice LucasPhil SmithDavid Thompson*Norm Van LierBill Walton*(2)Paul Westphal*']",1977
27,"['Doug CollinsDave Cowens*Julius Erving*George Gervin*John Havlicek*Elvin Hayes*Larry KenonBilly Knight(1)Moses Malone*Pete Maravich*(2)Bob McAdoo*Truck RobinsonRandy Smith', 'Rick Barry*Walter DavisArtis Gilmore*Lionel HollinsBobby Jones*Bob Lanier*Maurice LucasDavid Thompson*Bill Walton*Paul Westphal*Brian Winters']",1978
28,"['Doug Collins(1)Bob Dandridge*Julius Erving*George Gervin*Elvin Hayes*Larry KenonBob Lanier*Moses Malone*Pete Maravich*Calvin Murphy*Campy RussellRudy Tomjanovich*', 'Kareem Abdul-Jabbar*Otis BirdsongWalter DavisArtis Gilmore*Dennis Johnson*Marques JohnsonMaurice LucasGeorge McGinnis*Jack Sikma*David Thompson*Paul Westphal*']",1979
29,"['Tiny Archibald*Larry Bird*Bill CartwrightDave Cowens*(1)John DrewJulius Erving*George Gervin*Elvin Hayes*Eddie JohnsonMoses Malone*Micheal Ray RichardsonDan Roundfield', 'Kareem Abdul-Jabbar*Otis BirdsongAdrian Dantley*Walter DavisWorld B. FreeDennis Johnson*Marques JohnsonMagic Johnson*Jack Sikma*Kermit WashingtonScott Wedman(2)Paul Westphal*']",1980
30,"['Tiny Archibald*Larry Bird*Julius Erving*Artis Gilmore*Eddie JohnsonMarques JohnsonBobby Jones*Mike MitchellRobert Parish*Micheal Ray RichardsonDan Roundfield(1)Reggie Theus', 'Kareem Abdul-Jabbar*Otis BirdsongAdrian Dantley*Walter DavisGeorge Gervin*Dennis Johnson*Moses Malone*Truck RobinsonJack Sikma*Paul Westphal*Jamaal Wilkes*']",1981
31,"['Tiny Archibald*Larry Bird*Julius Erving*Artis Gilmore*Bobby Jones*Bob Lanier*Sidney Moncrief*Robert Parish*Micheal Ray RichardsonDan Roundfield(1)Isiah Thomas*Kelly TripuckaBuck Williams', 'Kareem Abdul-Jabbar*Adrian Dantley*Alex English*George Gervin*Dennis Johnson*Magic Johnson*Bernard King*Moses Malone*Norm NixonLonnie SheltonJack Sikma*Gus Williams']",1982
32,"['Larry Bird*Maurice Cheeks*Julius Erving*Marques JohnsonBill LaimbeerMoses Malone*Sidney Moncrief*Robert Parish*Reggie TheusIsiah Thomas*Andrew ToneyBuck Williams', 'Kareem Abdul-Jabbar*Alex English*George Gervin*Artis Gilmore*Magic Johnson*Maurice LucasJim PaxsonJack Sikma*David Thompson*Kiki VandewegheJamaal Wilkes*Gus Williams']",1983
33,"['Larry Bird*Otis BirdsongJulius Erving*Bernard King*Bill LaimbeerMoses Malone*(1)Kevin McHale*Sidney Moncrief*Robert Parish*Jeff RulandIsiah Thomas*Andrew ToneyKelly Tripucka', 'Kareem Abdul-Jabbar*Mark AguirreAdrian Dantley*Walter DavisAlex English*George Gervin*Rickey GreenMagic Johnson*Jim PaxsonRalph Sampson*Jack Sikma*Kiki Vandeweghe']",1984
34,"['Larry Bird*Terry CummingsJulius Erving*Dennis Johnson*Michael Jordan*Bernard King*Bill LaimbeerMoses Malone*Sidney Moncrief*Robert Parish*Micheal Ray RichardsonJeff Ruland(1)Isiah Thomas*', 'Kareem Abdul-Jabbar*Rolando BlackmanAdrian Dantley*Alex English*George Gervin*Magic Johnson*Larry NanceCalvin NattNorm NixonHakeem Olajuwon*Ralph Sampson*Jack Sikma*']",1985
35,"['Larry Bird*Maurice Cheeks*Julius Erving*Patrick Ewing*(1)Michael Jordan*(2)Jeff MaloneMoses Malone*Kevin McHale*Sidney Moncrief*Robert Parish*Isiah Thomas*Dominique Wilkins*Buck Williams', 'Kareem Abdul-Jabbar*Rolando BlackmanAdrian Dantley*Clyde Drexler*Alex English*Artis Gilmore*Marques JohnsonMagic Johnson*Hakeem Olajuwon*Alvin RobertsonRalph Sampson*James Worthy*']",1986
36,"['Charles Barkley*Larry Bird*Maurice Cheeks*Julius Erving*Michael Jordan*Bill LaimbeerJeff MaloneMoses Malone*Kevin McHale*Robert Parish*Isiah Thomas*Dominique Wilkins*', 'Kareem Abdul-Jabbar*Mark AguirreRolando BlackmanJoe Barry CarrollTom ChambersWalter DavisAlex English*Sleepy FloydMagic Johnson*Hakeem Olajuwon*Alvin RobertsonRalph Sampson*(1)James Worthy*']",1987
37,"['Danny AingeCharles Barkley*Larry Bird*Maurice Cheeks*Brad DaughertyPatrick Ewing*Michael Jordan*Moses Malone*Kevin McHale*Doc RiversIsiah Thomas*Dominique Wilkins*', 'Kareem Abdul-Jabbar*Mark AguirreJames DonaldsonClyde Drexler*Alex English*Magic Johnson*Steve Johnson(1)Fat LeverKarl Malone*Xavier McDanielHakeem Olajuwon*Alvin RobertsonJames Worthy*']",1988
38,"['Charles Barkley*Terry CummingsBrad DaughertyPatrick Ewing*Mark JacksonMichael Jordan*Moses Malone*Kevin McHale*Larry NanceMark PriceIsiah Thomas*Dominique Wilkins*', 'Kareem Abdul-Jabbar*Tom ChambersClyde Drexler*Kevin DuckworthMark EatonDale EllisAlex English*Magic Johnson*(1)Karl Malone*Chris Mullin*Hakeem Olajuwon*John Stockton*James Worthy*']",1989
39,"['Charles Barkley*Larry Bird*Joe Dumars*Patrick Ewing*Michael Jordan*Kevin McHale*Reggie Miller*Robert Parish*Scottie Pippen*Dennis Rodman*Isiah Thomas*Dominique Wilkins*', 'Rolando BlackmanTom ChambersClyde Drexler*A.C. GreenKevin JohnsonMagic Johnson*Fat LeverKarl Malone*(1)Chris Mullin*Hakeem Olajuwon*David Robinson*John Stockton*James Worthy*']",1990
40,"['Charles Barkley*Larry Bird*(1)Brad DaughertyJoe Dumars*Patrick Ewing*Hersey HawkinsMichael Jordan*Bernard King*Kevin McHale*Robert Parish*Ricky PierceAlvin RobertsonIsiah Thomas*(2)Dominique Wilkins*', 'Tom ChambersClyde Drexler*Kevin DuckworthTim Hardaway*Kevin JohnsonMagic Johnson*Karl Malone*Chris Mullin*Terry PorterDavid Robinson*John Stockton*James Worthy*']",1991
41,"['Michael AdamsCharles Barkley*Larry Bird*(1)Brad DaughertyJoe Dumars*Patrick Ewing*Michael Jordan*Reggie LewisScottie Pippen*Mark PriceDennis Rodman*Isiah Thomas*Dominique Wilkins*(2)Kevin Willis', 'Clyde Drexler*Tim Hardaway*Jeff HornacekMagic Johnson*Dan MajerleKarl Malone*Chris Mullin*Dikembe Mutombo*Hakeem Olajuwon*David Robinson*John Stockton*Otis ThorpeJames Worthy*']",1992
42,"[""Brad DaughertyJoe Dumars*Patrick Ewing*Larry JohnsonMichael Jordan*Larry NanceShaquille O'Neal*Scottie Pippen*Mark PriceDetlef SchrempfIsiah Thomas*Dominique Wilkins*"", 'Charles Barkley*Clyde Drexler*Sean ElliottTim Hardaway*Shawn KempDan MajerleKarl Malone*Danny ManningChris Mullin*(1)Hakeem Olajuwon*Terry PorterMitch Richmond*(2)David Robinson*John Stockton*']",1993
43,"[""Kenny AndersonB.J. ArmstrongMookie BlaylockDerrick ColemanPatrick Ewing*Horace GrantAlonzo Mourning*(1)Charles OakleyShaquille O'Neal*Scottie Pippen*Mark PriceJohn StarksDominique Wilkins*"", 'Charles Barkley*(2)Clyde Drexler*Kevin JohnsonShawn KempKarl Malone*Danny ManningHakeem Olajuwon*Gary Payton*Mitch Richmond*Clifford RobinsonDavid Robinson*Latrell SprewellJohn Stockton*']",1994
44,"[""Vin BakerDana BarrosJoe Dumars*Patrick Ewing*Anfernee HardawayGrant Hill*Tyrone HillLarry JohnsonReggie Miller*Alonzo Mourning*Shaquille O'Neal*Scottie Pippen*"", 'Charles Barkley*Cedric Ceballos(1)Shawn KempDan MajerleKarl Malone*Dikembe Mutombo*Hakeem Olajuwon*Gary Payton*Mitch Richmond*David Robinson*Detlef SchrempfLatrell SprewellJohn Stockton*']",1995
45,"[""Vin BakerTerrell BrandonPatrick Ewing*Anfernee HardawayGrant Hill*Juwan HowardMichael Jordan*Reggie Miller*Alonzo Mourning*Shaquille O'Neal*Scottie Pippen*Glen Rice"", 'Charles Barkley*Clyde Drexler*Sean ElliottShawn KempJason Kidd*Karl Malone*Dikembe Mutombo*Hakeem Olajuwon*Gary Payton*Mitch Richmond*David Robinson*John Stockton*']",1996
46,"['Vin BakerTerrell BrandonJoe Dumars*Patrick Ewing*(1)Anfernee HardawayTim Hardaway*Grant Hill*Michael Jordan*Christian LaettnerAlonzo Mourning*(2)Dikembe Mutombo*Scottie Pippen*Glen RiceChris Webber*', ""Charles Barkley*(3)Clyde Drexler*(4)Kevin Garnett*Chris GatlingTom GugliottaEddie JonesShawn KempKarl Malone*Hakeem Olajuwon*Shaquille O'Neal*(5)Gary Payton*Mitch Richmond*Detlef SchrempfLatrell SprewellJohn Stockton*""]",1997
47,"['Anfernee HardawayTim Hardaway*Grant Hill*Michael Jordan*Shawn KempReggie Miller*Dikembe Mutombo*Glen RiceSteve SmithRik SmitsAntoine WalkerJayson Williams', ""Vin BakerKobe Bryant*Tim Duncan*Kevin Garnett*Eddie JonesJason Kidd*Karl Malone*Shaquille O'Neal*Gary Payton*Mitch Richmond*David Robinson*Nick Van Exel""]",1998
48,"['Ray Allen*Vince CarterDale DavisGrant Hill*Allan HoustonAllen Iverson*Eddie JonesReggie Miller*Alonzo Mourning*Dikembe Mutombo*Glenn RobinsonJerry Stackhouse', ""Kobe Bryant*Tim Duncan*Michael FinleyKevin Garnett*Jason Kidd*Karl Malone*Shaquille O'Neal*Gary Payton*David Robinson*John Stockton*Rasheed WallaceChris Webber*""]",2000
49,"['Ray Allen*Vince CarterAntonio DavisGrant Hill*(1)Allan HoustonAllen Iverson*Stephon MarburyAnthony MasonTracy McGrady*Alonzo Mourning*(2)Dikembe Mutombo*Theo Ratliff(3)Glenn RobinsonLatrell SprewellJerry Stackhouse', ""Kobe Bryant*Vlade Divac*Tim Duncan*Michael FinleyKevin Garnett*Jason Kidd*Karl Malone*Antonio McDyessShaquille O'Neal*(4)Gary Payton*David Robinson*Rasheed WallaceChris Webber*""]",2001
50,"[""Shareef Abdur-RahimRay Allen*Vince Carter(1)Baron DavisAllen Iverson*Michael Jordan*Jason Kidd*Tracy McGrady*Alonzo Mourning*Dikembe Mutombo*Jermaine O'NealPaul Pierce*Antoine Walker"", ""Elton BrandKobe Bryant*Tim Duncan*Steve FrancisKevin Garnett*Karl Malone*(2)Steve Nash*Dirk Nowitzki*Shaquille O'Neal*(3)Gary Payton*Peja StojakovićWally SzczerbiakChris Webber*""]",2002
51,"[""Vince CarterZydrunas IlgauskasAllen Iverson*Michael Jordan*Jason Kidd*Jamal MashburnTracy McGrady*Brad MillerJermaine O'NealPaul Pierce*Antoine WalkerBen Wallace*"", ""Kobe Bryant*Tim Duncan*Steve FrancisKevin Garnett*Stephon MarburyShawn MarionYao Ming*Steve Nash*Dirk Nowitzki*Shaquille O'Neal*Gary Payton*Peja StojakovićChris Webber*(1)""]",2003
52,"[""Metta World PeaceVince CarterBaron DavisAllen Iverson*Jason Kidd*Jamaal MagloireKenyon MartinTracy McGrady*Jermaine O'NealPaul Pierce*Michael ReddBen Wallace*"", ""Ray Allen*Kobe Bryant*Sam CassellTim Duncan*Steve FrancisKevin Garnett*Andrei KirilenkoBrad MillerYao Ming*Dirk Nowitzki*Shaquille O'Neal*Peja Stojaković""]",2004
53,"[""Gilbert ArenasVince CarterGrant Hill*Zydrunas IlgauskasAllen Iverson*LeBron JamesAntawn JamisonJermaine O'NealShaquille O'Neal*Paul Pierce*Dwyane Wade*Ben Wallace*"", ""Ray Allen*Kobe Bryant*Tim Duncan*Kevin Garnett*Manu Ginóbili*Rashard LewisShawn MarionTracy McGrady*Yao Ming*Steve Nash*Dirk Nowitzki*Amar'e Stoudemire""]",2005
54,"[""Gilbert ArenasChauncey BillupsChris Bosh*Vince CarterRichard HamiltonAllen Iverson*LeBron JamesJermaine O'Neal(1)Shaquille O'Neal*Paul Pierce*Dwyane Wade*Ben Wallace*Rasheed Wallace"", 'Ray Allen*Elton BrandKobe Bryant*Tim Duncan*Kevin Garnett*Pau Gasol*Shawn MarionTracy McGrady*Yao Ming*Steve Nash*Dirk Nowitzki*Tony Parker*']",2006
55,"[""Gilbert ArenasChauncey BillupsChris Bosh*Caron ButlerVince CarterRichard HamiltonDwight HowardLeBron JamesJoe JohnsonJason Kidd*(1)Jermaine O'NealShaquille O'Neal*Dwyane Wade*"", ""Ray Allen*Carmelo AnthonyCarlos Boozer(2)Kobe Bryant*Tim Duncan*Kevin Garnett*Josh HowardAllen Iverson*(3)Shawn MarionTracy McGrady*Yao Ming*(4)Steve Nash*(5)Dirk Nowitzki*Mehmet OkurTony Parker*Amar'e Stoudemire""]",2007
56,"['Ray Allen*Chauncey BillupsChris Bosh*Caron Butler(1)Kevin Garnett*(2)Richard HamiltonDwight HowardLeBron JamesAntawn JamisonJoe JohnsonJason Kidd*Paul Pierce*Dwyane Wade*Rasheed Wallace', ""Carmelo AnthonyCarlos BoozerKobe Bryant*Tim Duncan*Allen Iverson*Yao Ming*Steve Nash*Dirk Nowitzki*Chris PaulBrandon RoyAmar'e StoudemireDavid West""]",2008
57,"['Ray Allen*Chris Bosh*(1)Kevin Garnett*Danny GrangerDevin HarrisDwight HowardAllen Iverson*LeBron JamesJoe JohnsonRashard LewisJameer Nelson(2)Paul Pierce*Dwyane Wade*Mo Williams', ""Chauncey BillupsKobe Bryant*Tim Duncan*Pau Gasol*Yao Ming*Dirk Nowitzki*Shaquille O'Neal*Tony Parker*Chris PaulBrandon RoyAmar'e StoudemireDavid West""]",2009
58,"['Chris Bosh*Kevin Garnett*Al HorfordDwight HowardAllen Iverson*(1)LeBron JamesJoe JohnsonDavid LeePaul Pierce*Rajon RondoDerrick RoseDwyane Wade*Gerald Wallace', ""Carmelo AnthonyChauncey BillupsKobe Bryant*(2)Tim Duncan*Kevin DurantPau Gasol*Chris KamanJason Kidd*Steve Nash*Dirk Nowitzki*Chris Paul(3)Zach RandolphBrandon Roy(4)Amar'e StoudemireDeron Williams""]",2010
59,"[""Ray Allen*Chris Bosh*Kevin Garnett*Al HorfordDwight HowardLeBron JamesJoe JohnsonPaul Pierce*Rajon RondoDerrick RoseAmar'e StoudemireDwyane Wade*"", 'Carmelo AnthonyKobe Bryant*Tim Duncan*Kevin DurantPau Gasol*Manu Ginóbili*Blake GriffinKevin LoveYao Ming*(1)Dirk Nowitzki*Chris PaulRussell WestbrookDeron Williams']",2011
60,"['Carmelo AnthonyChris Bosh*Luol DengRoy HibbertDwight HowardAndre IguodalaLeBron JamesJoe Johnson(1)Paul Pierce*Rajon RondoDerrick RoseDwyane Wade*Deron Williams', 'LaMarcus AldridgeKobe Bryant*Andrew BynumKevin DurantMarc GasolBlake GriffinKevin LoveSteve Nash*Dirk Nowitzki*Tony Parker*Chris PaulRussell Westbrook']",2012
61,"['Carmelo AnthonyChris Bosh*Tyson ChandlerLuol DengKevin Garnett*Paul GeorgeJrue HolidayKyrie IrvingLeBron JamesBrook LopezJoakim NoahRajon Rondo(1)Dwyane Wade*', 'LaMarcus AldridgeKobe Bryant*Tim Duncan*Kevin DurantBlake GriffinJames HardenDwight HowardDavid LeeTony Parker*Chris PaulZach RandolphRussell Westbrook']",2013
62,"['Carmelo AnthonyChris Bosh*DeMar DeRozanPaul GeorgeRoy HibbertKyrie IrvingLeBron JamesJoe JohnsonPaul MillsapJoakim NoahDwyane Wade*John Wall', 'LaMarcus AldridgeKobe Bryant*(1)Stephen CurryAnthony DavisKevin DurantBlake GriffinJames HardenDwight HowardDamian LillardKevin LoveDirk Nowitzki*Tony Parker*Chris Paul']",2014
63,"['Carmelo AnthonyChris Bosh*Jimmy ButlerPau Gasol*Al HorfordKyrie IrvingLeBron JamesKyle KorverKyle LowryPaul MillsapJeff TeagueDwyane Wade*John Wall', 'LaMarcus AldridgeKobe Bryant*DeMarcus CousinsStephen CurryAnthony DavisTim Duncan*Kevin DurantMarc GasolBlake GriffinJames HardenDamian LillardDirk Nowitzki*Chris PaulKlay ThompsonRussell Westbrook']",2015
64,"['Carmelo AnthonyChris Bosh*(1)Jimmy Butler(2)DeMar DeRozanAndre DrummondPau Gasol*Paul GeorgeAl HorfordLeBron JamesKyle LowryPaul MillsapIsaiah ThomasDwyane Wade*John Wall', 'LaMarcus AldridgeKobe Bryant*DeMarcus CousinsStephen CurryAnthony DavisKevin DurantDraymond GreenJames HardenKawhi LeonardChris PaulKlay ThompsonRussell Westbrook']",2016
65,"['Giannis AntetokounmpoCarmelo AnthonyJimmy ButlerDeMar DeRozanPaul GeorgeKyrie IrvingLeBron JamesKevin Love(1)Kyle LowryPaul MillsapIsaiah ThomasKemba WalkerJohn Wall', 'DeMarcus CousinsStephen CurryAnthony DavisKevin DurantMarc GasolDraymond GreenJames HardenGordon HaywardDeAndre JordanKawhi LeonardKlay ThompsonRussell Westbrook']",2017
66,"['LaMarcus AldridgeBradley BealDeMarcus Cousins(1)Anthony DavisGoran DragićAndre DrummondKevin DurantPaul GeorgeKyrie IrvingLeBron JamesKevin Love(2)Victor OladipoKristaps Porziņģis(3)Kemba WalkerJohn Wall(4)Russell Westbrook', 'Giannis AntetokounmpoJimmy Butler(5)Stephen CurryDeMar DeRozanJoel EmbiidDraymond GreenJames HardenAl HorfordDamian LillardKyle LowryKlay ThompsonKarl-Anthony Towns']",2018
67,"[""Giannis AntetokounmpoStephen CurryJoel EmbiidPaul GeorgeBlake GriffinNikola JokićKyle LowryKhris MiddletonDirk Nowitzki*Victor Oladipo(1)D'Angelo RussellNikola VučevićKemba WalkerRussell Westbrook"", 'LaMarcus AldridgeBradley BealAnthony DavisKevin DurantJames HardenKyrie IrvingLeBron JamesKawhi LeonardDamian LillardBen SimmonsKlay ThompsonKarl-Anthony TownsDwyane Wade*']",2019
68,"['Bam AdebayoGiannis AntetokounmpoJimmy ButlerJoel EmbiidRudy GobertBrandon IngramKyle LowryKhris MiddletonDonovan MitchellPascal SiakamKemba WalkerTrae Young', 'Devin BookerAnthony DavisLuka DončićJames HardenLeBron JamesNikola JokićKawhi LeonardDamian LillardChris PaulDomantas SabonisBen SimmonsJayson TatumRussell Westbrook']",2020
69,"['Bradley BealDevin BookerMike ConleyAnthony DavisKevin DurantJoel EmbiidJames HardenKyrie IrvingZach LaVineKawhi LeonardDonovan MitchellJulius RandleJayson TatumNikola VučevićZion Williamson', 'Giannis AntetokounmpoJaylen BrownStephen CurryLuka DončićPaul GeorgeRudy GobertLeBron JamesNikola JokićDamian LillardChris PaulDomantas SabonisBen Simmons']",2021
70,"['LaMelo BallDevin BookerKevin DurantJoel EmbiidRudy GobertDraymond GreenZach LaVineKhris MiddletonJa MorantDejounte MurrayJayson TatumKarl-Anthony TownsAndrew WigginsTrae Young', 'Jarrett AllenGiannis AntetokounmpoJimmy ButlerStephen CurryDeMar DeRozanLuka DončićDarius GarlandJames HardenLeBron JamesNikola JokićDonovan MitchellChris PaulFred VanVleet']",2022
71,"['Bam AdebayoGiannis AntetokounmpoDeMar DeRozanKevin DurantShai Gilgeous-AlexanderJrue HolidayDamian LillardLauri MarkkanenDonovan MitchellJa MorantDomantas SabonisPascal SiakamJayson Tatum', ""Jaylen BrownStephen CurryLuka DončićAnthony EdwardsJoel EmbiidDe'Aaron FoxPaul GeorgeTyrese HaliburtonKyrie IrvingJaren Jackson Jr.LeBron JamesNikola JokićJulius RandleZion Williamson""]",2023
